,accuracy,precision,recall,f1_score,roc_auc
2024-09-06 21:58:09,0.7935,0.47737556561085975,0.5368956743002544,0.5053892215568863,0.6965747817674266
